n.id,n.fasp,datasource,sample_name
858ed4564f11795ec13dda4c108e7fd3,fasp://aspera.ihmpdcc.org/ibd/genome/microbiome/16s/analysis/hmqcp/CSM5MCVH.biom,ihmp_data,CSM5MCVH
858ed4564f11795ec13dda4c108e8a3d,fasp://aspera.ihmpdcc.org/ibd/genome/microbiome/16s/analysis/hmqcp/CSM5MCW8.biom,ihmp_data,CSM5MCW8
858ed4564f11795ec13dda4c108e91a4,fasp://aspera.ihmpdcc.org/ibd/genome/microbiome/wgs/analysis/hmscp/CSM5MCWA.biom,ihmp_data,CSM5MCWA
858ed4564f11795ec13dda4c108ea6a1,fasp://aspera.ihmpdcc.org/ibd/genome/microbiome/16s/analysis/hmqcp/CSM5MCU4.biom,ihmp_data,CSM5MCU4
858ed4564f11795ec13dda4c108eb46c,fasp://aspera.ihmpdcc.org/ibd/genome/microbiome/wgs/analysis/hmscp/CSM5MCVZ.biom,ihmp_data,CSM5MCVZ
858ed4564f11795ec13dda4c108ebb07,fasp://aspera.ihmpdcc.org/ibd/genome/microbiome/16s/analysis/hmqcp/CSM5MCVZ.biom,ihmp_data,CSM5MCVZ
858ed4564f11795ec13dda4c108ec4e2,fasp://aspera.ihmpdcc.org/ibd/genome/microbiome/wgs/analysis/hmscp/CSM5MCW4.biom,ihmp_data,CSM5MCW4
858ed4564f11795ec13dda4c108eca48,fasp://aspera.ihmpdcc.org/ibd/genome/microbiome/16s/analysis/hmqcp/CSM5FZ48.biom,ihmp_data,CSM5FZ48
858ed4564f11795ec13dda4c108ed5d5,fasp://aspera.ihmpdcc.org/ibd/genome/microbiome/wgs/analysis/hmscp/CSM5FZ4E.biom,ihmp_data,CSM5FZ4E
858ed4564f11795ec13dda4c108edb60,fasp://aspera.ihmpdcc.org/ibd/genome/microbiome/16s/analysis/hmqcp/CSM5FZ4G.biom,ihmp_data,CSM5FZ4G
858ed4564f11795ec13dda4c108edb94,fasp://aspera.ihmpdcc.org/ibd/genome/microbiome/16s/analysis/hmqcp/CSM5FZ4I.biom,ihmp_data,CSM5FZ4I
858ed4564f11795ec13dda4c108eefb9,fasp://aspera.ihmpdcc.org/ibd/genome/microbiome/wgs/analysis/hmscp/CSM5FZ3X.biom,ihmp_data,CSM5FZ3X
858ed4564f11795ec13dda4c108ef38b,fasp://aspera.ihmpdcc.org/ibd/genome/microbiome/16s/analysis/hmqcp/CSM5FZ3X.biom,ihmp_data,CSM5FZ3X
858ed4564f11795ec13dda4c108f02a2,fasp://aspera.ihmpdcc.org/ibd/genome/microbiome/wgs/analysis/hmscp/CSM5FZ3Z.biom,ihmp_data,CSM5FZ3Z
858ed4564f11795ec13dda4c108f03dc,fasp://aspera.ihmpdcc.org/ibd/genome/microbiome/16s/analysis/hmqcp/CSM5FZ3Z.biom,ihmp_data,CSM5FZ3Z
858ed4564f11795ec13dda4c108f0be1,fasp://aspera.ihmpdcc.org/ibd/genome/microbiome/wgs/analysis/hmscp/CSM5FZ42.biom,ihmp_data,CSM5FZ42
858ed4564f11795ec13dda4c108f19b7,fasp://aspera.ihmpdcc.org/ibd/genome/microbiome/wgs/analysis/hmscp/CSM5FZ44.biom,ihmp_data,CSM5FZ44
858ed4564f11795ec13dda4c108f209c,fasp://aspera.ihmpdcc.org/ibd/genome/microbiome/16s/analysis/hmqcp/CSM5FZ44.biom,ihmp_data,CSM5FZ44
858ed4564f11795ec13dda4c108f328b,fasp://aspera.ihmpdcc.org/ibd/genome/microbiome/16s/analysis/hmqcp/CSM5FZ46.biom,ihmp_data,CSM5FZ46
858ed4564f11795ec13dda4c108f41cd,fasp://aspera.ihmpdcc.org/ibd/genome/microbiome/wgs/analysis/hmscp/CSM5FZ3N.biom,ihmp_data,CSM5FZ3N
858ed4564f11795ec13dda4c108f4633,fasp://aspera.ihmpdcc.org/ibd/genome/microbiome/16s/analysis/hmqcp/CSM5FZ3N.biom,ihmp_data,CSM5FZ3N
858ed4564f11795ec13dda4c108f4d41,fasp://aspera.ihmpdcc.org/ibd/genome/microbiome/wgs/analysis/hmscp/CSM5FZ3R.biom,ihmp_data,CSM5FZ3R
858ed4564f11795ec13dda4c108f5481,fasp://aspera.ihmpdcc.org/ibd/genome/microbiome/wgs/analysis/hmscp/CSM5YRY7.biom,ihmp_data,CSM5YRY7
858ed4564f11795ec13dda4c108f62ad,fasp://aspera.ihmpdcc.org/ibd/genome/microbiome/16s/analysis/hmqcp/CSM5YRY7.biom,ihmp_data,CSM5YRY7
858ed4564f11795ec13dda4c108f70ca,fasp://aspera.ihmpdcc.org/ibd/genome/microbiome/wgs/analysis/hmscp/CSM5FZ3V.biom,ihmp_data,CSM5FZ3V
858ed4564f11795ec13dda4c108f89dd,fasp://aspera.ihmpdcc.org/ibd/genome/microbiome/wgs/analysis/hmscp/CSM5MCVD.biom,ihmp_data,CSM5MCVD
858ed4564f11795ec13dda4c108f90e1,fasp://aspera.ihmpdcc.org/ibd/genome/microbiome/16s/analysis/hmqcp/CSM5MCVD.biom,ihmp_data,CSM5MCVD
858ed4564f11795ec13dda4c108f9f99,fasp://aspera.ihmpdcc.org/ibd/genome/microbiome/wgs/analysis/hmscp/CSM5MCVF.biom,ihmp_data,CSM5MCVF
858ed4564f11795ec13dda4c108fbc27,fasp://aspera.ihmpdcc.org/ibd/genome/microbiome/16s/analysis/hmqcp/CSM5MCVV.biom,ihmp_data,CSM5MCVV
858ed4564f11795ec13dda4c108fda6a,fasp://aspera.ihmpdcc.org/ibd/genome/microbiome/wgs/analysis/hmscp/CSM5MCVB.biom,ihmp_data,CSM5MCVB
858ed4564f11795ec13dda4c108fe7a1,fasp://aspera.ihmpdcc.org/ibd/genome/microbiome/16s/analysis/hmqcp/CSM5MCVB.biom,ihmp_data,CSM5MCVB
858ed4564f11795ec13dda4c108ff8dc,fasp://aspera.ihmpdcc.org/ibd/genome/microbiome/16s/analysis/hmqcp/CSM5MCV1.biom,ihmp_data,CSM5MCV1
858ed4564f11795ec13dda4c109006ca,fasp://aspera.ihmpdcc.org/ibd/genome/microbiome/16s/analysis/hmqcp/CSM5MCV3.biom,ihmp_data,CSM5MCV3
858ed4564f11795ec13dda4c10900956,fasp://aspera.ihmpdcc.org/ibd/genome/microbiome/wgs/analysis/hmscp/CSM5MCV5.biom,ihmp_data,CSM5MCV5
858ed4564f11795ec13dda4c109010db,fasp://aspera.ihmpdcc.org/ibd/genome/microbiome/16s/analysis/hmqcp/CSM5MCV5.biom,ihmp_data,CSM5MCV5
858ed4564f11795ec13dda4c109028cc,fasp://aspera.ihmpdcc.org/ibd/genome/microbiome/16s/analysis/hmqcp/CSM5MCUI.biom,ihmp_data,CSM5MCUI
858ed4564f11795ec13dda4c10903cf7,fasp://aspera.ihmpdcc.org/ibd/genome/microbiome/16s/analysis/hmqcp/CSM5FZ4O.biom,ihmp_data,CSM5FZ4O
858ed4564f11795ec13dda4c10904724,fasp://aspera.ihmpdcc.org/ibd/genome/microbiome/wgs/analysis/hmscp/CSM5MCUS.biom,ihmp_data,CSM5MCUS
858ed4564f11795ec13dda4c1090615d,fasp://aspera.ihmpdcc.org/ibd/genome/microbiome/wgs/analysis/hmscp/CSM5FZ4A.biom,ihmp_data,CSM5FZ4A
858ed4564f11795ec13dda4c10907759,fasp://aspera.ihmpdcc.org/ibd/genome/microbiome/wgs/analysis/hmscp/CSM5MCUA.biom,ihmp_data,CSM5MCUA
858ed4564f11795ec13dda4c10909540,fasp://aspera.ihmpdcc.org/ibd/genome/microbiome/wgs/analysis/hmscp/MSM5LLGN.biom,ihmp_data,MSM5LLGN
858ed4564f11795ec13dda4c10909937,fasp://aspera.ihmpdcc.org/ibd/genome/microbiome/wgs/analysis/hmscp/MSM5LLGR.biom,ihmp_data,MSM5LLGR
858ed4564f11795ec13dda4c10909d9a,fasp://aspera.ihmpdcc.org/ibd/genome/microbiome/16s/analysis/hmqcp/MSM5LLGT.biom,ihmp_data,MSM5LLGT
858ed4564f11795ec13dda4c1090a0fd,fasp://aspera.ihmpdcc.org/ibd/genome/microbiome/16s/analysis/hmqcp/MSM5LLGV.biom,ihmp_data,MSM5LLGV
858ed4564f11795ec13dda4c1090a8ac,fasp://aspera.ihmpdcc.org/ibd/genome/microbiome/16s/analysis/hmqcp/MSM5LLGX.biom,ihmp_data,MSM5LLGX
858ed4564f11795ec13dda4c1090be61,fasp://aspera.ihmpdcc.org/ibd/genome/microbiome/16s/analysis/hmqcp/MSM5LLIE.biom,ihmp_data,MSM5LLIE
858ed4564f11795ec13dda4c1090dc46,fasp://aspera.ihmpdcc.org/ibd/genome/microbiome/wgs/analysis/hmscp/MSM5LLII.biom,ihmp_data,MSM5LLII
858ed4564f11795ec13dda4c1090e3e1,fasp://aspera.ihmpdcc.org/ibd/genome/microbiome/16s/analysis/hmqcp/MSM5LLIK.biom,ihmp_data,MSM5LLIK
858ed4564f11795ec13dda4c1090ed9a,fasp://aspera.ihmpdcc.org/ibd/genome/microbiome/wgs/analysis/hmscp/MSM5LLIM.biom,ihmp_data,MSM5LLIM
858ed4564f11795ec13dda4c1090f035,fasp://aspera.ihmpdcc.org/ibd/genome/microbiome/16s/analysis/hmqcp/MSM5LLIM.biom,ihmp_data,MSM5LLIM
858ed4564f11795ec13dda4c1090f4ee,fasp://aspera.ihmpdcc.org/ibd/genome/microbiome/16s/analysis/hmqcp/MSM5LLIO.biom,ihmp_data,MSM5LLIO
858ed4564f11795ec13dda4c1090f8be,fasp://aspera.ihmpdcc.org/ibd/genome/microbiome/16s/analysis/hmqcp/MSM5LLEN.biom,ihmp_data,MSM5LLEN
858ed4564f11795ec13dda4c10911377,fasp://aspera.ihmpdcc.org/ibd/genome/microbiome/16s/analysis/hmqcp/MSM5LLIC.biom,ihmp_data,MSM5LLIC
858ed4564f11795ec13dda4c10912abf,fasp://aspera.ihmpdcc.org/ibd/genome/microbiome/16s/analysis/hmqcp/MSM5LLHG.biom,ihmp_data,MSM5LLHG
858ed4564f11795ec13dda4c10912f0a,fasp://aspera.ihmpdcc.org/ibd/genome/microbiome/16s/analysis/hmqcp/MSM5LLHI.biom,ihmp_data,MSM5LLHI
858ed4564f11795ec13dda4c10913e8c,fasp://aspera.ihmpdcc.org/ibd/genome/microbiome/16s/analysis/hmqcp/MSM5LLHM.biom,ihmp_data,MSM5LLHM
858ed4564f11795ec13dda4c10914523,fasp://aspera.ihmpdcc.org/ibd/genome/microbiome/16s/analysis/hmqcp/MSM5LLHK.biom,ihmp_data,MSM5LLHK
858ed4564f11795ec13dda4c10915774,fasp://aspera.ihmpdcc.org/ibd/genome/microbiome/16s/analysis/hmqcp/MSM5LLIQ.biom,ihmp_data,MSM5LLIQ
858ed4564f11795ec13dda4c109160b1,fasp://aspera.ihmpdcc.org/ibd/genome/microbiome/16s/analysis/hmqcp/MSM5LLFK.biom,ihmp_data,MSM5LLFK
858ed4564f11795ec13dda4c1091768d,fasp://aspera.ihmpdcc.org/ibd/genome/microbiome/16s/analysis/hmqcp/MSM5LLFS.biom,ihmp_data,MSM5LLFS
858ed4564f11795ec13dda4c109187df,fasp://aspera.ihmpdcc.org/ibd/genome/microbiome/16s/analysis/hmqcp/MSM5LLFU.biom,ihmp_data,MSM5LLFU
858ed4564f11795ec13dda4c1091be84,fasp://aspera.ihmpdcc.org/ibd/genome/microbiome/16s/analysis/hmqcp/MSM5LLH6.biom,ihmp_data,MSM5LLH6
858ed4564f11795ec13dda4c1091ccc7,fasp://aspera.ihmpdcc.org/ibd/genome/microbiome/wgs/analysis/hmscp/PSM6XBRM.biom,ihmp_data,PSM6XBRM
858ed4564f11795ec13dda4c1091d0e0,fasp://aspera.ihmpdcc.org/ibd/genome/microbiome/wgs/analysis/hmscp/HSM5MD8H.biom,ihmp_data,HSM5MD8H
858ed4564f11795ec13dda4c1091ddb5,fasp://aspera.ihmpdcc.org/ibd/genome/microbiome/wgs/analysis/hmscp/HSM5MD6E.biom,ihmp_data,HSM5MD6E
858ed4564f11795ec13dda4c1091e59b,fasp://aspera.ihmpdcc.org/ibd/genome/microbiome/wgs/analysis/hmscp/HSM5MD6G.biom,ihmp_data,HSM5MD6G
858ed4564f11795ec13dda4c1091f3bf,fasp://aspera.ihmpdcc.org/ibd/genome/microbiome/wgs/analysis/hmscp/HSM5MD6I.biom,ihmp_data,HSM5MD6I
858ed4564f11795ec13dda4c109202cd,fasp://aspera.ihmpdcc.org/ibd/genome/microbiome/wgs/analysis/hmscp/HSM5MD6K.biom,ihmp_data,HSM5MD6K
858ed4564f11795ec13dda4c10921684,fasp://aspera.ihmpdcc.org/ibd/genome/microbiome/16s/analysis/hmqcp/HSM5MD87.biom,ihmp_data,HSM5MD87
858ed4564f11795ec13dda4c10922a25,fasp://aspera.ihmpdcc.org/ibd/genome/microbiome/16s/analysis/hmqcp/HSM5MD47.biom,ihmp_data,HSM5MD47
858ed4564f11795ec13dda4c10922f63,fasp://aspera.ihmpdcc.org/ibd/genome/microbiome/wgs/analysis/hmscp/HSM5MD44.biom,ihmp_data,HSM5MD44
858ed4564f11795ec13dda4c10923aec,fasp://aspera.ihmpdcc.org/ibd/genome/microbiome/wgs/analysis/hmscp/HSM5MD43.biom,ihmp_data,HSM5MD43
858ed4564f11795ec13dda4c10924a1e,fasp://aspera.ihmpdcc.org/ibd/genome/microbiome/wgs/analysis/hmscp/HSM5MD8J.biom,ihmp_data,HSM5MD8J
858ed4564f11795ec13dda4c109253ad,fasp://aspera.ihmpdcc.org/ibd/genome/microbiome/16s/analysis/hmqcp/HSM5MD3W.biom,ihmp_data,HSM5MD3W
858ed4564f11795ec13dda4c10925db1,fasp://aspera.ihmpdcc.org/ibd/genome/microbiome/wgs/analysis/hmscp/HSM5MD5Z.biom,ihmp_data,HSM5MD5Z
858ed4564f11795ec13dda4c10926c77,fasp://aspera.ihmpdcc.org/ibd/genome/microbiome/wgs/analysis/hmscp/HSM5MD6O.biom,ihmp_data,HSM5MD6O
858ed4564f11795ec13dda4c109275cf,fasp://aspera.ihmpdcc.org/ibd/genome/microbiome/wgs/analysis/hmscp/HSM5MD6S.biom,ihmp_data,HSM5MD6S
858ed4564f11795ec13dda4c10927bf5,fasp://aspera.ihmpdcc.org/ibd/genome/microbiome/wgs/analysis/hmscp/HSM5MD6U.biom,ihmp_data,HSM5MD6U
858ed4564f11795ec13dda4c10928b42,fasp://aspera.ihmpdcc.org/ibd/genome/microbiome/wgs/analysis/hmscp/HSM6XRQB.biom,ihmp_data,HSM6XRQB
858ed4564f11795ec13dda4c10929303,fasp://aspera.ihmpdcc.org/ibd/genome/microbiome/wgs/analysis/hmscp/HSM5MD3L.biom,ihmp_data,HSM5MD3L
858ed4564f11795ec13dda4c109296fd,fasp://aspera.ihmpdcc.org/ibd/genome/microbiome/16s/analysis/hmqcp/HSM5MD3L.biom,ihmp_data,HSM5MD3L
858ed4564f11795ec13dda4c10929a40,fasp://aspera.ihmpdcc.org/ibd/genome/microbiome/wgs/analysis/hmscp/PSM6XBW1.biom,ihmp_data,PSM6XBW1
858ed4564f11795ec13dda4c1092a8ee,fasp://aspera.ihmpdcc.org/ibd/genome/microbiome/wgs/analysis/hmscp/PSM7J19X.biom,ihmp_data,PSM7J19X
858ed4564f11795ec13dda4c1092aee2,fasp://aspera.ihmpdcc.org/ibd/genome/microbiome/wgs/analysis/hmscp/HSM6XRQC.biom,ihmp_data,HSM6XRQC
858ed4564f11795ec13dda4c1092bbdf,fasp://aspera.ihmpdcc.org/ibd/genome/microbiome/wgs/analysis/hmscp/HSM6XRQE.biom,ihmp_data,HSM6XRQE
858ed4564f11795ec13dda4c1092cb5a,fasp://aspera.ihmpdcc.org/ibd/genome/microbiome/wgs/analysis/hmscp/MSM6J2M3.biom,ihmp_data,MSM6J2M3
858ed4564f11795ec13dda4c1092d90b,fasp://aspera.ihmpdcc.org/ibd/genome/microbiome/wgs/analysis/hmscp/ESM718U9.biom,ihmp_data,ESM718U9
858ed4564f11795ec13dda4c1092e303,fasp://aspera.ihmpdcc.org/ibd/genome/microbiome/wgs/analysis/hmscp/HSM7CZ2V.biom,ihmp_data,HSM7CZ2V
858ed4564f11795ec13dda4c1092ed69,fasp://aspera.ihmpdcc.org/ibd/genome/microbiome/16s/analysis/hmqcp/ESM5MEET.biom,ihmp_data,ESM5MEET
858ed4564f11795ec13dda4c10932a3d,fasp://aspera.ihmpdcc.org/ibd/genome/microbiome/wgs/analysis/hmscp/ESM5MEC7.biom,ihmp_data,ESM5MEC7
858ed4564f11795ec13dda4c10932e3f,fasp://aspera.ihmpdcc.org/ibd/genome/microbiome/wgs/analysis/hmscp/CSM67UCU.biom,ihmp_data,CSM67UCU
858ed4564f11795ec13dda4c10932e8b,fasp://aspera.ihmpdcc.org/ibd/genome/microbiome/wgs/analysis/hmscp/MSM6J2N6.biom,ihmp_data,MSM6J2N6
858ed4564f11795ec13dda4c10932e92,fasp://aspera.ihmpdcc.org/ibd/genome/microbiome/wgs/analysis/hmscp/MSM6J2RG.biom,ihmp_data,MSM6J2RG
858ed4564f11795ec13dda4c109339b2,fasp://aspera.ihmpdcc.org/ibd/genome/microbiome/wgs/analysis/hmscp/HSM67VIJ.biom,ihmp_data,HSM67VIJ
858ed4564f11795ec13dda4c109346c3,fasp://aspera.ihmpdcc.org/ibd/genome/microbiome/wgs/analysis/hmscp/HSM7CZ1T.biom,ihmp_data,HSM7CZ1T
858ed4564f11795ec13dda4c109348de,fasp://aspera.ihmpdcc.org/ibd/genome/microbiome/wgs/analysis/hmscp/HSM67VDT.biom,ihmp_data,HSM67VDT
858ed4564f11795ec13dda4c10934c6f,fasp://aspera.ihmpdcc.org/ibd/genome/microbiome/wgs/analysis/hmscp/HSM67VDR.biom,ihmp_data,HSM67VDR
858ed4564f11795ec13dda4c10935063,fasp://aspera.ihmpdcc.org/ibd/genome/microbiome/wgs/analysis/hmscp/HSM67VDX.biom,ihmp_data,HSM67VDX
858ed4564f11795ec13dda4c10935160,fasp://aspera.ihmpdcc.org/ibd/genome/microbiome/wgs/analysis/hmscp/HSM67VCX.biom,ihmp_data,HSM67VCX
858ed4564f11795ec13dda4c10935d61,fasp://aspera.ihmpdcc.org/ibd/genome/microbiome/wgs/analysis/hmscp/ESM5MEDP.biom,ihmp_data,ESM5MEDP
858ed4564f11795ec13dda4c10936667,fasp://aspera.ihmpdcc.org/ibd/genome/microbiome/16s/analysis/hmqcp/ESM5MEBL.biom,ihmp_data,ESM5MEBL
858ed4564f11795ec13dda4c1093743c,fasp://aspera.ihmpdcc.org/ibd/genome/microbiome/wgs/analysis/hmscp/ESM5MEAB.biom,ihmp_data,ESM5MEAB
858ed4564f11795ec13dda4c1093839d,fasp://aspera.ihmpdcc.org/ibd/genome/microbiome/16s/analysis/hmqcp/ESM5MEA7.biom,ihmp_data,ESM5MEA7
858ed4564f11795ec13dda4c10939322,fasp://aspera.ihmpdcc.org/ibd/genome/microbiome/16s/analysis/hmqcp/ESM5MEEC.biom,ihmp_data,ESM5MEEC
858ed4564f11795ec13dda4c10939ad3,fasp://aspera.ihmpdcc.org/ibd/genome/microbiome/wgs/analysis/hmscp/ESM5GEYX.biom,ihmp_data,ESM5GEYX
858ed4564f11795ec13dda4c1093a2e9,fasp://aspera.ihmpdcc.org/ibd/genome/microbiome/wgs/analysis/hmscp/HSMA33P2.biom,ihmp_data,HSMA33P2
858ed4564f11795ec13dda4c1093a9a8,fasp://aspera.ihmpdcc.org/ibd/genome/microbiome/16s/analysis/hmqcp/ESM5MEDZ.biom,ihmp_data,ESM5MEDZ
858ed4564f11795ec13dda4c1093b047,fasp://aspera.ihmpdcc.org/ibd/genome/microbiome/16s/analysis/hmqcp/ESM5MEE2.biom,ihmp_data,ESM5MEE2
858ed4564f11795ec13dda4c1093bcbe,fasp://aspera.ihmpdcc.org/ibd/genome/microbiome/16s/analysis/hmqcp/ESM5MEE6.biom,ihmp_data,ESM5MEE6
858ed4564f11795ec13dda4c1093be4f,fasp://aspera.ihmpdcc.org/ibd/genome/microbiome/16s/analysis/hmqcp/ESM5MEEA.biom,ihmp_data,ESM5MEEA
858ed4564f11795ec13dda4c1093c4c7,fasp://aspera.ihmpdcc.org/ibd/genome/microbiome/16s/analysis/hmqcp/ESM5MEEB.biom,ihmp_data,ESM5MEEB
858ed4564f11795ec13dda4c1093e2b6,fasp://aspera.ihmpdcc.org/ibd/genome/microbiome/16s/analysis/hmqcp/ESM5MEBA.biom,ihmp_data,ESM5MEBA
858ed4564f11795ec13dda4c1093efed,fasp://aspera.ihmpdcc.org/ibd/genome/microbiome/wgs/analysis/hmscp/HSM7J4JT.biom,ihmp_data,HSM7J4JT
858ed4564f11795ec13dda4c1093ff4c,fasp://aspera.ihmpdcc.org/ibd/genome/microbiome/wgs/analysis/hmscp/HSM7J4JV.biom,ihmp_data,HSM7J4JV
858ed4564f11795ec13dda4c1094004d,fasp://aspera.ihmpdcc.org/ibd/genome/microbiome/wgs/analysis/hmscp/HSMA33NG.biom,ihmp_data,HSMA33NG
858ed4564f11795ec13dda4c10940b43,fasp://aspera.ihmpdcc.org/ibd/genome/microbiome/wgs/analysis/hmscp/CSM67U9T.biom,ihmp_data,CSM67U9T
858ed4564f11795ec13dda4c109412ec,fasp://aspera.ihmpdcc.org/ibd/genome/microbiome/wgs/analysis/hmscp/CSM67U9V.biom,ihmp_data,CSM67U9V
858ed4564f11795ec13dda4c10941543,fasp://aspera.ihmpdcc.org/ibd/genome/microbiome/wgs/analysis/hmscp/CSM67U9X.biom,ihmp_data,CSM67U9X
858ed4564f11795ec13dda4c1094223a,fasp://aspera.ihmpdcc.org/ibd/genome/microbiome/wgs/analysis/hmscp/CSM67UB5.biom,ihmp_data,CSM67UB5
858ed4564f11795ec13dda4c10942c6b,fasp://aspera.ihmpdcc.org/ibd/genome/microbiome/wgs/analysis/hmscp/CSM67UB7.biom,ihmp_data,CSM67UB7
858ed4564f11795ec13dda4c109430da,fasp://aspera.ihmpdcc.org/ibd/genome/microbiome/wgs/analysis/hmscp/CSM67UB9.biom,ihmp_data,CSM67UB9
858ed4564f11795ec13dda4c1094374b,fasp://aspera.ihmpdcc.org/ibd/genome/microbiome/wgs/analysis/hmscp/CSM79HJ2.biom,ihmp_data,CSM79HJ2
858ed4564f11795ec13dda4c1094383c,fasp://aspera.ihmpdcc.org/ibd/genome/microbiome/wgs/analysis/hmscp/CSM79HJ4.biom,ihmp_data,CSM79HJ4
858ed4564f11795ec13dda4c10943aa1,fasp://aspera.ihmpdcc.org/ibd/genome/microbiome/wgs/analysis/hmscp/CSM79HJ6.biom,ihmp_data,CSM79HJ6
858ed4564f11795ec13dda4c10943f89,fasp://aspera.ihmpdcc.org/ibd/genome/microbiome/wgs/analysis/hmscp/CSM79HJ8.biom,ihmp_data,CSM79HJ8
858ed4564f11795ec13dda4c109446d4,fasp://aspera.ihmpdcc.org/ibd/genome/microbiome/wgs/analysis/hmscp/CSM79HJC.biom,ihmp_data,CSM79HJC
858ed4564f11795ec13dda4c109456c8,fasp://aspera.ihmpdcc.org/ibd/genome/microbiome/wgs/analysis/hmscp/CSM7KOKH.biom,ihmp_data,CSM7KOKH
858ed4564f11795ec13dda4c10945897,fasp://aspera.ihmpdcc.org/ibd/genome/microbiome/wgs/analysis/hmscp/CSM7KOKL.biom,ihmp_data,CSM7KOKL
858ed4564f11795ec13dda4c10945ea6,fasp://aspera.ihmpdcc.org/ibd/genome/microbiome/wgs/analysis/hmscp/CSM7KOKP.biom,ihmp_data,CSM7KOKP
858ed4564f11795ec13dda4c10946059,fasp://aspera.ihmpdcc.org/ibd/genome/microbiome/wgs/analysis/hmscp/CSM7KOQZ.biom,ihmp_data,CSM7KOQZ
858ed4564f11795ec13dda4c10946ee4,fasp://aspera.ihmpdcc.org/ibd/genome/microbiome/wgs/analysis/hmscp/CSM7KOR4.biom,ihmp_data,CSM7KOR4
858ed4564f11795ec13dda4c109477e7,fasp://aspera.ihmpdcc.org/ibd/genome/microbiome/wgs/analysis/hmscp/CSM7KOR8.biom,ihmp_data,CSM7KOR8
858ed4564f11795ec13dda4c109481aa,fasp://aspera.ihmpdcc.org/ibd/genome/microbiome/wgs/analysis/hmscp/CSM5MCWK.biom,ihmp_data,CSM5MCWK
858ed4564f11795ec13dda4c10948d3f,fasp://aspera.ihmpdcc.org/ibd/genome/microbiome/wgs/analysis/hmscp/CSM5MCXX.biom,ihmp_data,CSM5MCXX
858ed4564f11795ec13dda4c10948fa2,fasp://aspera.ihmpdcc.org/ibd/genome/microbiome/wgs/analysis/hmscp/CSM5MCXZ.biom,ihmp_data,CSM5MCXZ
858ed4564f11795ec13dda4c1094936e,fasp://aspera.ihmpdcc.org/ibd/genome/microbiome/wgs/analysis/hmscp/CSM5MCXB.biom,ihmp_data,CSM5MCXB
858ed4564f11795ec13dda4c10949fd6,fasp://aspera.ihmpdcc.org/ibd/genome/microbiome/wgs/analysis/hmscp/CSM5MCYI.biom,ihmp_data,CSM5MCYI
858ed4564f11795ec13dda4c1094af8b,fasp://aspera.ihmpdcc.org/ibd/genome/microbiome/wgs/analysis/hmscp/CSM5MCWS.biom,ihmp_data,CSM5MCWS
858ed4564f11795ec13dda4c1094b8e0,fasp://aspera.ihmpdcc.org/ibd/genome/microbiome/wgs/analysis/hmscp/CSM5MCYM.biom,ihmp_data,CSM5MCYM
858ed4564f11795ec13dda4c1094c800,fasp://aspera.ihmpdcc.org/ibd/genome/microbiome/wgs/analysis/hmscp/CSM5MCYO.biom,ihmp_data,CSM5MCYO
858ed4564f11795ec13dda4c1094d3d9,fasp://aspera.ihmpdcc.org/ibd/genome/microbiome/wgs/analysis/hmscp/CSM5MCYQ.biom,ihmp_data,CSM5MCYQ
858ed4564f11795ec13dda4c1094d596,fasp://aspera.ihmpdcc.org/ibd/genome/microbiome/wgs/analysis/hmscp/CSM67UEP.biom,ihmp_data,CSM67UEP
858ed4564f11795ec13dda4c1094df96,fasp://aspera.ihmpdcc.org/ibd/genome/microbiome/wgs/analysis/hmscp/CSM67UET.biom,ihmp_data,CSM67UET
858ed4564f11795ec13dda4c1094e98a,fasp://aspera.ihmpdcc.org/ibd/genome/microbiome/wgs/analysis/hmscp/CSM67UEW.biom,ihmp_data,CSM67UEW
858ed4564f11795ec13dda4c1094f928,fasp://aspera.ihmpdcc.org/ibd/genome/microbiome/wgs/analysis/hmscp/CSM67UF1.biom,ihmp_data,CSM67UF1
858ed4564f11795ec13dda4c1094fcdc,fasp://aspera.ihmpdcc.org/ibd/genome/microbiome/wgs/analysis/hmscp/CSM79HLY.biom,ihmp_data,CSM79HLY
858ed4564f11795ec13dda4c1095036a,fasp://aspera.ihmpdcc.org/ibd/genome/microbiome/wgs/analysis/hmscp/CSM79HQT.biom,ihmp_data,CSM79HQT
858ed4564f11795ec13dda4c10951357,fasp://aspera.ihmpdcc.org/ibd/genome/microbiome/wgs/analysis/hmscp/CSM79HM5.biom,ihmp_data,CSM79HM5
858ed4564f11795ec13dda4c10951711,fasp://aspera.ihmpdcc.org/ibd/genome/microbiome/wgs/analysis/hmscp/CSM79HM9.biom,ihmp_data,CSM79HM9
858ed4564f11795ec13dda4c109523a6,fasp://aspera.ihmpdcc.org/ibd/genome/microbiome/wgs/analysis/hmscp/CSM7KOMR.biom,ihmp_data,CSM7KOMR
858ed4564f11795ec13dda4c10952cec,fasp://aspera.ihmpdcc.org/ibd/genome/microbiome/wgs/analysis/hmscp/CSM7KOMV.biom,ihmp_data,CSM7KOMV
858ed4564f11795ec13dda4c1095359c,fasp://aspera.ihmpdcc.org/ibd/genome/microbiome/wgs/analysis/hmscp/CSM5MCXF.biom,ihmp_data,CSM5MCXF
858ed4564f11795ec13dda4c109543b9,fasp://aspera.ihmpdcc.org/ibd/genome/microbiome/wgs/analysis/hmscp/CSM5MCYU.biom,ihmp_data,CSM5MCYU
858ed4564f11795ec13dda4c109547a8,fasp://aspera.ihmpdcc.org/ibd/genome/microbiome/wgs/analysis/hmscp/CSM67U9H.biom,ihmp_data,CSM67U9H
858ed4564f11795ec13dda4c109553cd,fasp://aspera.ihmpdcc.org/ibd/genome/microbiome/wgs/analysis/hmscp/CSM67U9P.biom,ihmp_data,CSM67U9P
858ed4564f11795ec13dda4c1095639b,fasp://aspera.ihmpdcc.org/ibd/genome/microbiome/wgs/analysis/hmscp/CSM67U9R.biom,ihmp_data,CSM67U9R
858ed4564f11795ec13dda4c10957326,fasp://aspera.ihmpdcc.org/ibd/genome/microbiome/wgs/analysis/hmscp/CSM79HGD.biom,ihmp_data,CSM79HGD
858ed4564f11795ec13dda4c10957b22,fasp://aspera.ihmpdcc.org/ibd/genome/microbiome/wgs/analysis/hmscp/CSM79HGF.biom,ihmp_data,CSM79HGF
858ed4564f11795ec13dda4c10958028,fasp://aspera.ihmpdcc.org/ibd/genome/microbiome/wgs/analysis/hmscp/CSM79HGH.biom,ihmp_data,CSM79HGH
858ed4564f11795ec13dda4c109588e4,fasp://aspera.ihmpdcc.org/ibd/genome/microbiome/wgs/analysis/hmscp/CSM79HGJ.biom,ihmp_data,CSM79HGJ
858ed4564f11795ec13dda4c10959069,fasp://aspera.ihmpdcc.org/ibd/genome/microbiome/wgs/analysis/hmscp/CSM79HGL.biom,ihmp_data,CSM79HGL
858ed4564f11795ec13dda4c10959379,fasp://aspera.ihmpdcc.org/ibd/genome/microbiome/wgs/analysis/hmscp/CSM79HGN.biom,ihmp_data,CSM79HGN
858ed4564f11795ec13dda4c109595b8,fasp://aspera.ihmpdcc.org/ibd/genome/microbiome/wgs/analysis/hmscp/CSM79HPM.biom,ihmp_data,CSM79HPM
858ed4564f11795ec13dda4c10959815,fasp://aspera.ihmpdcc.org/ibd/genome/microbiome/wgs/analysis/hmscp/CSM79HPQ.biom,ihmp_data,CSM79HPQ
858ed4564f11795ec13dda4c10959c21,fasp://aspera.ihmpdcc.org/ibd/genome/microbiome/wgs/analysis/hmscp/CSM7KONS.biom,ihmp_data,CSM7KONS
858ed4564f11795ec13dda4c1095a332,fasp://aspera.ihmpdcc.org/ibd/genome/microbiome/wgs/analysis/hmscp/CSM7KONW.biom,ihmp_data,CSM7KONW
858ed4564f11795ec13dda4c1095b04e,fasp://aspera.ihmpdcc.org/ibd/genome/microbiome/wgs/analysis/hmscp/HSM7CYWS.biom,ihmp_data,HSM7CYWS
858ed4564f11795ec13dda4c1095b903,fasp://aspera.ihmpdcc.org/ibd/genome/microbiome/wgs/analysis/hmscp/MSM6J2PQ.biom,ihmp_data,MSM6J2PQ
858ed4564f11795ec13dda4c1095c5d3,fasp://aspera.ihmpdcc.org/ibd/genome/microbiome/wgs/analysis/hmscp/HSM7J4Q3.biom,ihmp_data,HSM7J4Q3
858ed4564f11795ec13dda4c1095cc7d,fasp://aspera.ihmpdcc.org/ibd/genome/microbiome/wgs/analysis/hmscp/MSM6J2JH.biom,ihmp_data,MSM6J2JH
858ed4564f11795ec13dda4c1095ceb0,fasp://aspera.ihmpdcc.org/ibd/genome/microbiome/wgs/analysis/hmscp/HSM7CZ2X.biom,ihmp_data,HSM7CZ2X
858ed4564f11795ec13dda4c1095d97d,fasp://aspera.ihmpdcc.org/ibd/genome/microbiome/wgs/analysis/hmscp/MSM6J2JF.biom,ihmp_data,MSM6J2JF
858ed4564f11795ec13dda4c1095dfb6,fasp://aspera.ihmpdcc.org/ibd/genome/microbiome/wgs/analysis/hmscp/PSM6XBSE.biom,ihmp_data,PSM6XBSE
858ed4564f11795ec13dda4c1095e5cc,fasp://aspera.ihmpdcc.org/ibd/genome/microbiome/wgs/analysis/hmscp/MSM9VZFJ.biom,ihmp_data,MSM9VZFJ
858ed4564f11795ec13dda4c1095e9c6,fasp://aspera.ihmpdcc.org/ibd/genome/microbiome/wgs/analysis/hmscp/MSM79HCN.biom,ihmp_data,MSM79HCN
858ed4564f11795ec13dda4c1095ea74,fasp://aspera.ihmpdcc.org/ibd/genome/microbiome/wgs/analysis/hmscp/MSM79HD6.biom,ihmp_data,MSM79HD6
858ed4564f11795ec13dda4c1095f59b,fasp://aspera.ihmpdcc.org/ibd/genome/microbiome/wgs/analysis/hmscp/MSM79H94.biom,ihmp_data,MSM79H94
858ed4564f11795ec13dda4c1095fb08,fasp://aspera.ihmpdcc.org/ibd/genome/microbiome/wgs/analysis/hmscp/MSM79H8J.biom,ihmp_data,MSM79H8J
858ed4564f11795ec13dda4c10960093,fasp://aspera.ihmpdcc.org/ibd/genome/microbiome/wgs/analysis/hmscp/PSM7J1B3.biom,ihmp_data,PSM7J1B3
858ed4564f11795ec13dda4c109608a5,fasp://aspera.ihmpdcc.org/ibd/genome/microbiome/wgs/analysis/hmscp/MSM9VZJF.biom,ihmp_data,MSM9VZJF
858ed4564f11795ec13dda4c1096128a,fasp://aspera.ihmpdcc.org/ibd/genome/microbiome/wgs/analysis/hmscp/PSM7J1C2.biom,ihmp_data,PSM7J1C2
858ed4564f11795ec13dda4c109621bf,fasp://aspera.ihmpdcc.org/ibd/genome/microbiome/wgs/analysis/hmscp/PSM7J1BN.biom,ihmp_data,PSM7J1BN
858ed4564f11795ec13dda4c10962425,fasp://aspera.ihmpdcc.org/ibd/genome/microbiome/wgs/analysis/hmscp/MSM79HF1.biom,ihmp_data,MSM79HF1
858ed4564f11795ec13dda4c109628af,fasp://aspera.ihmpdcc.org/ibd/genome/microbiome/wgs/analysis/hmscp/HSM5MD8F.biom,ihmp_data,HSM5MD8F
858ed4564f11795ec13dda4c10962d92,fasp://aspera.ihmpdcc.org/ibd/genome/microbiome/wgs/analysis/hmscp/MSM79H9U.biom,ihmp_data,MSM79H9U
858ed4564f11795ec13dda4c1096328c,fasp://aspera.ihmpdcc.org/ibd/genome/microbiome/wgs/analysis/hmscp/MSM79H52.biom,ihmp_data,MSM79H52
858ed4564f11795ec13dda4c1096379d,fasp://aspera.ihmpdcc.org/ibd/genome/microbiome/wgs/analysis/hmscp/MSM79HBX.biom,ihmp_data,MSM79HBX
858ed4564f11795ec13dda4c10963f79,fasp://aspera.ihmpdcc.org/ibd/genome/microbiome/wgs/analysis/hmscp/MSM79HD8.biom,ihmp_data,MSM79HD8
858ed4564f11795ec13dda4c10964521,fasp://aspera.ihmpdcc.org/ibd/genome/microbiome/wgs/analysis/hmscp/HSMA33J1.biom,ihmp_data,HSMA33J1
858ed4564f11795ec13dda4c109653f1,fasp://aspera.ihmpdcc.org/ibd/genome/microbiome/wgs/analysis/hmscp/PSM6XBSG.biom,ihmp_data,PSM6XBSG
858ed4564f11795ec13dda4c109663ac,fasp://aspera.ihmpdcc.org/ibd/genome/microbiome/wgs/analysis/hmscp/ESM5MEB9.biom,ihmp_data,ESM5MEB9
858ed4564f11795ec13dda4c10966efc,fasp://aspera.ihmpdcc.org/ibd/genome/microbiome/wgs/analysis/hmscp/PSM6XBTZ.biom,ihmp_data,PSM6XBTZ
858ed4564f11795ec13dda4c10967e34,fasp://aspera.ihmpdcc.org/ibd/genome/microbiome/wgs/analysis/hmscp/ESM7F5AE.biom,ihmp_data,ESM7F5AE
858ed4564f11795ec13dda4c10968a9d,fasp://aspera.ihmpdcc.org/ibd/genome/microbiome/wgs/analysis/hmscp/PSM6XBVY.biom,ihmp_data,PSM6XBVY
858ed4564f11795ec13dda4c10968ccb,fasp://aspera.ihmpdcc.org/ibd/genome/microbiome/wgs/analysis/hmscp/MSM9VZLX.biom,ihmp_data,MSM9VZLX
858ed4564f11795ec13dda4c10969828,fasp://aspera.ihmpdcc.org/ibd/genome/microbiome/wgs/analysis/hmscp/PSMA2651.biom,ihmp_data,PSMA2651
858ed4564f11795ec13dda4c1096a4b2,fasp://aspera.ihmpdcc.org/ibd/genome/microbiome/wgs/analysis/hmscp/HSM5MD5X.biom,ihmp_data,HSM5MD5X
858ed4564f11795ec13dda4c1096aa8c,fasp://aspera.ihmpdcc.org/ibd/genome/microbiome/wgs/analysis/hmscp/MSM9VZJJ.biom,ihmp_data,MSM9VZJJ
858ed4564f11795ec13dda4c1096bf18,fasp://aspera.ihmpdcc.org/ibd/genome/microbiome/16s/analysis/hmqcp/ESM5MEEG.biom,ihmp_data,ESM5MEEG
858ed4564f11795ec13dda4c1096cc78,fasp://aspera.ihmpdcc.org/ibd/genome/microbiome/wgs/analysis/hmscp/ESM5GEZ4.biom,ihmp_data,ESM5GEZ4
858ed4564f11795ec13dda4c1096d905,fasp://aspera.ihmpdcc.org/ibd/genome/microbiome/wgs/analysis/hmscp/ESM5GEZ6.biom,ihmp_data,ESM5GEZ6
858ed4564f11795ec13dda4c1096e8d3,fasp://aspera.ihmpdcc.org/ibd/genome/microbiome/16s/analysis/hmqcp/ESM5GEZ8.biom,ihmp_data,ESM5GEZ8
858ed4564f11795ec13dda4c1096ed2c,fasp://aspera.ihmpdcc.org/ibd/genome/microbiome/wgs/analysis/hmscp/ESM5GEZA.biom,ihmp_data,ESM5GEZA
858ed4564f11795ec13dda4c1096f0ee,fasp://aspera.ihmpdcc.org/ibd/genome/microbiome/16s/analysis/hmqcp/ESM5GEZA.biom,ihmp_data,ESM5GEZA
858ed4564f11795ec13dda4c1097001c,fasp://aspera.ihmpdcc.org/ibd/genome/microbiome/16s/analysis/hmqcp/ESM5MEBQ.biom,ihmp_data,ESM5MEBQ
858ed4564f11795ec13dda4c10970675,fasp://aspera.ihmpdcc.org/ibd/genome/microbiome/wgs/analysis/hmscp/MSM5FZ9N.biom,ihmp_data,MSM5FZ9N
858ed4564f11795ec13dda4c109708d9,fasp://aspera.ihmpdcc.org/ibd/genome/microbiome/16s/analysis/hmqcp/MSM5FZ9N.biom,ihmp_data,MSM5FZ9N
858ed4564f11795ec13dda4c1097186e,fasp://aspera.ihmpdcc.org/ibd/genome/microbiome/wgs/analysis/hmscp/MSM5FZ9Q.biom,ihmp_data,MSM5FZ9Q
858ed4564f11795ec13dda4c1097262d,fasp://aspera.ihmpdcc.org/ibd/genome/microbiome/16s/analysis/hmqcp/MSM5FZ9Q.biom,ihmp_data,MSM5FZ9Q
858ed4564f11795ec13dda4c1097293e,fasp://aspera.ihmpdcc.org/ibd/genome/microbiome/16s/analysis/hmqcp/MSM5FZ9S.biom,ihmp_data,MSM5FZ9S
858ed4564f11795ec13dda4c1097330e,fasp://aspera.ihmpdcc.org/ibd/genome/microbiome/wgs/analysis/hmscp/MSM5LLE3.biom,ihmp_data,MSM5LLE3
858ed4564f11795ec13dda4c109740d0,fasp://aspera.ihmpdcc.org/ibd/genome/microbiome/16s/analysis/hmqcp/MSM5LLE5.biom,ihmp_data,MSM5LLE5
858ed4564f11795ec13dda4c10974e44,fasp://aspera.ihmpdcc.org/ibd/genome/microbiome/wgs/analysis/hmscp/MSM5LLE9.biom,ihmp_data,MSM5LLE9
858ed4564f11795ec13dda4c109757df,fasp://aspera.ihmpdcc.org/ibd/genome/microbiome/16s/analysis/hmqcp/MSM5LLE9.biom,ihmp_data,MSM5LLE9
858ed4564f11795ec13dda4c10976370,fasp://aspera.ihmpdcc.org/ibd/genome/microbiome/16s/analysis/hmqcp/MSM5FZ8Y.biom,ihmp_data,MSM5FZ8Y
858ed4564f11795ec13dda4c1097713a,fasp://aspera.ihmpdcc.org/ibd/genome/microbiome/wgs/analysis/hmscp/MSM5FZ9V.biom,ihmp_data,MSM5FZ9V
858ed4564f11795ec13dda4c1097794e,fasp://aspera.ihmpdcc.org/ibd/genome/microbiome/16s/analysis/hmqcp/MSM5FZ9V.biom,ihmp_data,MSM5FZ9V
858ed4564f11795ec13dda4c10979021,fasp://aspera.ihmpdcc.org/ibd/genome/microbiome/16s/analysis/hmqcp/MSM5FZ9Z.biom,ihmp_data,MSM5FZ9Z
858ed4564f11795ec13dda4c10979520,fasp://aspera.ihmpdcc.org/ibd/genome/microbiome/wgs/analysis/hmscp/MSM5FZA2.biom,ihmp_data,MSM5FZA2
858ed4564f11795ec13dda4c109795ba,fasp://aspera.ihmpdcc.org/ibd/genome/microbiome/16s/analysis/hmqcp/MSM5FZA2.biom,ihmp_data,MSM5FZA2
858ed4564f11795ec13dda4c1097a738,fasp://aspera.ihmpdcc.org/ibd/genome/microbiome/16s/analysis/hmqcp/MSM5ZOJY.biom,ihmp_data,MSM5ZOJY
858ed4564f11795ec13dda4c1097b0a5,fasp://aspera.ihmpdcc.org/ibd/genome/microbiome/wgs/analysis/hmscp/MSM633FF.biom,ihmp_data,MSM633FF
858ed4564f11795ec13dda4c1097b752,fasp://aspera.ihmpdcc.org/ibd/genome/microbiome/16s/analysis/hmqcp/MSM633FF.biom,ihmp_data,MSM633FF
858ed4564f11795ec13dda4c1097cfde,fasp://aspera.ihmpdcc.org/ibd/genome/microbiome/16s/analysis/hmqcp/MSM5LLGH.biom,ihmp_data,MSM5LLGH
858ed4564f11795ec13dda4c1097d3f2,fasp://aspera.ihmpdcc.org/ibd/genome/microbiome/wgs/analysis/hmscp/MSM5LLGF.biom,ihmp_data,MSM5LLGF
858ed4564f11795ec13dda4c1097da61,fasp://aspera.ihmpdcc.org/ibd/genome/microbiome/16s/analysis/hmqcp/MSM5LLGD.biom,ihmp_data,MSM5LLGD
858ed4564f11795ec13dda4c1097e62f,fasp://aspera.ihmpdcc.org/ibd/genome/microbiome/wgs/analysis/hmscp/MSM5LLGJ.biom,ihmp_data,MSM5LLGJ
858ed4564f11795ec13dda4c1097e77a,fasp://aspera.ihmpdcc.org/ibd/genome/microbiome/16s/analysis/hmqcp/MSM5LLGJ.biom,ihmp_data,MSM5LLGJ
858ed4564f11795ec13dda4c1097f74a,fasp://aspera.ihmpdcc.org/ibd/genome/microbiome/wgs/analysis/hmscp/CSM79HNG.biom,ihmp_data,CSM79HNG
858ed4564f11795ec13dda4c1097fbc9,fasp://aspera.ihmpdcc.org/ibd/genome/microbiome/wgs/analysis/hmscp/CSM79HG7.biom,ihmp_data,CSM79HG7
858ed4564f11795ec13dda4c109801c3,fasp://aspera.ihmpdcc.org/ibd/genome/microbiome/wgs/analysis/hmscp/CSM79HHW.biom,ihmp_data,CSM79HHW
858ed4564f11795ec13dda4c10980f80,fasp://aspera.ihmpdcc.org/ibd/genome/microbiome/wgs/analysis/hmscp/CSM67UH3.biom,ihmp_data,CSM67UH3
858ed4564f11795ec13dda4c1098143e,fasp://aspera.ihmpdcc.org/ibd/genome/microbiome/wgs/analysis/hmscp/CSM67UAI.biom,ihmp_data,CSM67UAI
858ed4564f11795ec13dda4c109821f2,fasp://aspera.ihmpdcc.org/ibd/genome/microbiome/wgs/analysis/hmscp/CSM79HH2.biom,ihmp_data,CSM79HH2
858ed4564f11795ec13dda4c1098222f,fasp://aspera.ihmpdcc.org/ibd/genome/microbiome/wgs/analysis/hmscp/CSM79HGR.biom,ihmp_data,CSM79HGR
858ed4564f11795ec13dda4c109829d6,fasp://aspera.ihmpdcc.org/ibd/genome/microbiome/wgs/analysis/hmscp/CSM79HGV.biom,ihmp_data,CSM79HGV
858ed4564f11795ec13dda4c10983434,fasp://aspera.ihmpdcc.org/ibd/genome/microbiome/16s/analysis/hmqcp/MSM5LLHZ.biom,ihmp_data,MSM5LLHZ
858ed4564f11795ec13dda4c109840ef,fasp://aspera.ihmpdcc.org/ibd/genome/microbiome/wgs/analysis/hmscp/MSM5LLI2.biom,ihmp_data,MSM5LLI2
858ed4564f11795ec13dda4c10985096,fasp://aspera.ihmpdcc.org/ibd/genome/microbiome/wgs/analysis/hmscp/MSM5LLI8.biom,ihmp_data,MSM5LLI8
858ed4564f11795ec13dda4c10986895,fasp://aspera.ihmpdcc.org/ibd/genome/microbiome/wgs/analysis/hmscp/MSM5LLI4.biom,ihmp_data,MSM5LLI4
858ed4564f11795ec13dda4c109869d7,fasp://aspera.ihmpdcc.org/ibd/genome/microbiome/16s/analysis/hmqcp/MSM5LLD8.biom,ihmp_data,MSM5LLD8
858ed4564f11795ec13dda4c1098744f,fasp://aspera.ihmpdcc.org/ibd/genome/microbiome/wgs/analysis/hmscp/MSM5LLD6.biom,ihmp_data,MSM5LLD6
858ed4564f11795ec13dda4c1098815d,fasp://aspera.ihmpdcc.org/ibd/genome/microbiome/wgs/analysis/hmscp/MSM9VZN4.biom,ihmp_data,MSM9VZN4
858ed4564f11795ec13dda4c10988e0d,fasp://aspera.ihmpdcc.org/ibd/genome/microbiome/wgs/analysis/hmscp/CSM7KOQ5.biom,ihmp_data,CSM7KOQ5
858ed4564f11795ec13dda4c109895e7,fasp://aspera.ihmpdcc.org/ibd/genome/microbiome/wgs/analysis/hmscp/CSM7KOUJ.biom,ihmp_data,CSM7KOUJ
858ed4564f11795ec13dda4c10989a56,fasp://aspera.ihmpdcc.org/ibd/genome/microbiome/wgs/analysis/hmscp/CSM79HQR.biom,ihmp_data,CSM79HQR
858ed4564f11795ec13dda4c1098a84d,fasp://aspera.ihmpdcc.org/ibd/genome/microbiome/wgs/analysis/hmscp/CSM7KOU7.biom,ihmp_data,CSM7KOU7
858ed4564f11795ec13dda4c1098b350,fasp://aspera.ihmpdcc.org/ibd/genome/microbiome/wgs/analysis/hmscp/CSM7KOQP.biom,ihmp_data,CSM7KOQP
858ed4564f11795ec13dda4c1098be58,fasp://aspera.ihmpdcc.org/ibd/genome/microbiome/wgs/analysis/hmscp/CSM79HJI.biom,ihmp_data,CSM79HJI
858ed4564f11795ec13dda4c1098bfa9,fasp://aspera.ihmpdcc.org/ibd/genome/microbiome/wgs/analysis/hmscp/CSM79HNY.biom,ihmp_data,CSM79HNY
858ed4564f11795ec13dda4c1098ce54,fasp://aspera.ihmpdcc.org/ibd/genome/microbiome/wgs/analysis/hmscp/MSM9VZM4.biom,ihmp_data,MSM9VZM4
858ed4564f11795ec13dda4c1098d946,fasp://aspera.ihmpdcc.org/ibd/genome/microbiome/16s/analysis/hmqcp/MSM5LLEX.biom,ihmp_data,MSM5LLEX
858ed4564f11795ec13dda4c1098da43,fasp://aspera.ihmpdcc.org/ibd/genome/microbiome/wgs/analysis/hmscp/MSM5LLF2.biom,ihmp_data,MSM5LLF2
858ed4564f11795ec13dda4c1098de52,fasp://aspera.ihmpdcc.org/ibd/genome/microbiome/16s/analysis/hmqcp/HSM5FZBU.biom,ihmp_data,HSM5FZBU
858ed4564f11795ec13dda4c1098e379,fasp://aspera.ihmpdcc.org/ibd/genome/microbiome/16s/analysis/hmqcp/HSM5FZBT.biom,ihmp_data,HSM5FZBT
858ed4564f11795ec13dda4c1098fc2e,fasp://aspera.ihmpdcc.org/ibd/genome/microbiome/16s/analysis/hmqcp/HSM5FZBQ.biom,ihmp_data,HSM5FZBQ
858ed4564f11795ec13dda4c10990774,fasp://aspera.ihmpdcc.org/ibd/genome/microbiome/wgs/analysis/hmscp/HSM5FZBR.biom,ihmp_data,HSM5FZBR
858ed4564f11795ec13dda4c10990ca4,fasp://aspera.ihmpdcc.org/ibd/genome/microbiome/16s/analysis/hmqcp/HSM5FZBR.biom,ihmp_data,HSM5FZBR
858ed4564f11795ec13dda4c1099255f,fasp://aspera.ihmpdcc.org/ibd/genome/microbiome/16s/analysis/hmqcp/HSM5FZBP.biom,ihmp_data,HSM5FZBP
858ed4564f11795ec13dda4c10992576,fasp://aspera.ihmpdcc.org/ibd/genome/microbiome/wgs/analysis/hmscp/HSM5MD7W.biom,ihmp_data,HSM5MD7W
858ed4564f11795ec13dda4c10992746,fasp://aspera.ihmpdcc.org/ibd/genome/microbiome/16s/analysis/hmqcp/HSM5MD7W.biom,ihmp_data,HSM5MD7W
858ed4564f11795ec13dda4c109931a7,fasp://aspera.ihmpdcc.org/ibd/genome/microbiome/wgs/analysis/hmscp/HSM5MD5H.biom,ihmp_data,HSM5MD5H
858ed4564f11795ec13dda4c10993ccf,fasp://aspera.ihmpdcc.org/ibd/genome/microbiome/16s/analysis/hmqcp/HSM5MD5H.biom,ihmp_data,HSM5MD5H
858ed4564f11795ec13dda4c109956ac,fasp://aspera.ihmpdcc.org/ibd/genome/microbiome/wgs/analysis/hmscp/PSM6XBQM.biom,ihmp_data,PSM6XBQM
858ed4564f11795ec13dda4c10996f6e,fasp://aspera.ihmpdcc.org/ibd/genome/microbiome/wgs/analysis/hmscp/HSM5MD4W.biom,ihmp_data,HSM5MD4W
858ed4564f11795ec13dda4c10997113,fasp://aspera.ihmpdcc.org/ibd/genome/microbiome/wgs/analysis/hmscp/HSM5MD7Z.biom,ihmp_data,HSM5MD7Z
858ed4564f11795ec13dda4c1099731d,fasp://aspera.ihmpdcc.org/ibd/genome/microbiome/16s/analysis/hmqcp/HSM5MD7Z.biom,ihmp_data,HSM5MD7Z
858ed4564f11795ec13dda4c10997ead,fasp://aspera.ihmpdcc.org/ibd/genome/microbiome/16s/analysis/hmqcp/HSM5MD4R.biom,ihmp_data,HSM5MD4R
858ed4564f11795ec13dda4c10998014,fasp://aspera.ihmpdcc.org/ibd/genome/microbiome/wgs/analysis/hmscp/HSM5MD4P.biom,ihmp_data,HSM5MD4P
858ed4564f11795ec13dda4c10998d69,fasp://aspera.ihmpdcc.org/ibd/genome/microbiome/16s/analysis/hmqcp/HSM5MD86.biom,ihmp_data,HSM5MD86
858ed4564f11795ec13dda4c109993fc,fasp://aspera.ihmpdcc.org/ibd/genome/microbiome/16s/analysis/hmqcp/HSM5MD4C.biom,ihmp_data,HSM5MD4C
858ed4564f11795ec13dda4c1099ae66,fasp://aspera.ihmpdcc.org/ibd/genome/microbiome/16s/analysis/hmqcp/HSM5MD4B.biom,ihmp_data,HSM5MD4B
858ed4564f11795ec13dda4c1099bf77,fasp://aspera.ihmpdcc.org/ibd/genome/microbiome/wgs/analysis/hmscp/HSM5MD49.biom,ihmp_data,HSM5MD49
858ed4564f11795ec13dda4c1099cf5d,fasp://aspera.ihmpdcc.org/ibd/genome/microbiome/wgs/analysis/hmscp/HSM5MD8L.biom,ihmp_data,HSM5MD8L
858ed4564f11795ec13dda4c1099dee1,fasp://aspera.ihmpdcc.org/ibd/genome/microbiome/wgs/analysis/hmscp/HSM5MD8B.biom,ihmp_data,HSM5MD8B
858ed4564f11795ec13dda4c1099e9a3,fasp://aspera.ihmpdcc.org/ibd/genome/microbiome/wgs/analysis/hmscp/HSM5MD8D.biom,ihmp_data,HSM5MD8D
858ed4564f11795ec13dda4c1099efe9,fasp://aspera.ihmpdcc.org/ibd/genome/microbiome/wgs/analysis/hmscp/HSM6XRTA.biom,ihmp_data,HSM6XRTA
858ed4564f11795ec13dda4c1099fd49,fasp://aspera.ihmpdcc.org/ibd/genome/microbiome/wgs/analysis/hmscp/HSM6XRTC.biom,ihmp_data,HSM6XRTC
858ed4564f11795ec13dda4c109a04ad,fasp://aspera.ihmpdcc.org/ibd/genome/microbiome/wgs/analysis/hmscp/HSM6XRTE.biom,ihmp_data,HSM6XRTE
858ed4564f11795ec13dda4c109a0907,fasp://aspera.ihmpdcc.org/ibd/genome/microbiome/wgs/analysis/hmscp/HSM6XRTG.biom,ihmp_data,HSM6XRTG
858ed4564f11795ec13dda4c109a171f,fasp://aspera.ihmpdcc.org/ibd/genome/microbiome/wgs/analysis/hmscp/HSM67VGA.biom,ihmp_data,HSM67VGA
858ed4564f11795ec13dda4c109a17a0,fasp://aspera.ihmpdcc.org/ibd/genome/microbiome/wgs/analysis/hmscp/HSM67VGE.biom,ihmp_data,HSM67VGE
858ed4564f11795ec13dda4c109a2609,fasp://aspera.ihmpdcc.org/ibd/genome/microbiome/wgs/analysis/hmscp/HSM67VGI.biom,ihmp_data,HSM67VGI
858ed4564f11795ec13dda4c109a351c,fasp://aspera.ihmpdcc.org/ibd/genome/microbiome/wgs/analysis/hmscp/HSM7CYYR.biom,ihmp_data,HSM7CYYR
858ed4564f11795ec13dda4c109a389d,fasp://aspera.ihmpdcc.org/ibd/genome/microbiome/wgs/analysis/hmscp/HSM7CYYV.biom,ihmp_data,HSM7CYYV
858ed4564f11795ec13dda4c109a525d,fasp://aspera.ihmpdcc.org/ibd/genome/microbiome/wgs/analysis/hmscp/HSM5MD5B.biom,ihmp_data,HSM5MD5B
858ed4564f11795ec13dda4c109a5c5a,fasp://aspera.ihmpdcc.org/ibd/genome/microbiome/wgs/analysis/hmscp/HSM5MD5D.biom,ihmp_data,HSM5MD5D
858ed4564f11795ec13dda4c109a5c9d,fasp://aspera.ihmpdcc.org/ibd/genome/microbiome/wgs/analysis/hmscp/HSM5MD5F.biom,ihmp_data,HSM5MD5F
858ed4564f11795ec13dda4c109a6325,fasp://aspera.ihmpdcc.org/ibd/genome/microbiome/wgs/analysis/hmscp/HSM6XRSX.biom,ihmp_data,HSM6XRSX
858ed4564f11795ec13dda4c109a6a91,fasp://aspera.ihmpdcc.org/ibd/genome/microbiome/wgs/analysis/hmscp/HSM6XRT6.biom,ihmp_data,HSM6XRT6
858ed4564f11795ec13dda4c109a76bf,fasp://aspera.ihmpdcc.org/ibd/genome/microbiome/wgs/analysis/hmscp/HSM6XRSZ.biom,ihmp_data,HSM6XRSZ
858ed4564f11795ec13dda4c109a76da,fasp://aspera.ihmpdcc.org/ibd/genome/microbiome/wgs/analysis/hmscp/HSM6XRT4.biom,ihmp_data,HSM6XRT4
858ed4564f11795ec13dda4c109a7f77,fasp://aspera.ihmpdcc.org/ibd/genome/microbiome/wgs/analysis/hmscp/HSM6XRT2.biom,ihmp_data,HSM6XRT2
858ed4564f11795ec13dda4c109a88f6,fasp://aspera.ihmpdcc.org/ibd/genome/microbiome/wgs/analysis/hmscp/HSM67VFX.biom,ihmp_data,HSM67VFX
858ed4564f11795ec13dda4c109a95f3,fasp://aspera.ihmpdcc.org/ibd/genome/microbiome/wgs/analysis/hmscp/HSM67VG2.biom,ihmp_data,HSM67VG2
858ed4564f11795ec13dda4c109aa160,fasp://aspera.ihmpdcc.org/ibd/genome/microbiome/wgs/analysis/hmscp/HSM67VG6.biom,ihmp_data,HSM67VG6
858ed4564f11795ec13dda4c109aa1fa,fasp://aspera.ihmpdcc.org/ibd/genome/microbiome/wgs/analysis/hmscp/HSM7CZ2J.biom,ihmp_data,HSM7CZ2J
858ed4564f11795ec13dda4c109aac87,fasp://aspera.ihmpdcc.org/ibd/genome/microbiome/wgs/analysis/hmscp/HSM7CZ2L.biom,ihmp_data,HSM7CZ2L
858ed4564f11795ec13dda4c109aaecf,fasp://aspera.ihmpdcc.org/ibd/genome/microbiome/wgs/analysis/hmscp/PSM6XBRK.biom,ihmp_data,PSM6XBRK
858ed4564f11795ec13dda4c109ab72e,fasp://aspera.ihmpdcc.org/ibd/genome/microbiome/wgs/analysis/hmscp/PSM6XBS2.biom,ihmp_data,PSM6XBS2
858ed4564f11795ec13dda4c109ac0c0,fasp://aspera.ihmpdcc.org/ibd/genome/microbiome/wgs/analysis/hmscp/PSM6XBS4.biom,ihmp_data,PSM6XBS4
858ed4564f11795ec13dda4c109acc4c,fasp://aspera.ihmpdcc.org/ibd/genome/microbiome/wgs/analysis/hmscp/PSM6XBS6.biom,ihmp_data,PSM6XBS6
858ed4564f11795ec13dda4c109ad761,fasp://aspera.ihmpdcc.org/ibd/genome/microbiome/wgs/analysis/hmscp/PSM6XBSC.biom,ihmp_data,PSM6XBSC
858ed4564f11795ec13dda4c109ae4d6,fasp://aspera.ihmpdcc.org/ibd/genome/microbiome/wgs/analysis/hmscp/PSM6XBTF.biom,ihmp_data,PSM6XBTF
858ed4564f11795ec13dda4c109af248,fasp://aspera.ihmpdcc.org/ibd/genome/microbiome/wgs/analysis/hmscp/PSM6XBTH.biom,ihmp_data,PSM6XBTH
858ed4564f11795ec13dda4c109aff8b,fasp://aspera.ihmpdcc.org/ibd/genome/microbiome/wgs/analysis/hmscp/PSM6XBTJ.biom,ihmp_data,PSM6XBTJ
858ed4564f11795ec13dda4c109b02c4,fasp://aspera.ihmpdcc.org/ibd/genome/microbiome/wgs/analysis/hmscp/PSM6XBTN.biom,ihmp_data,PSM6XBTN
858ed4564f11795ec13dda4c109b0bf5,fasp://aspera.ihmpdcc.org/ibd/genome/microbiome/wgs/analysis/hmscp/PSM7J1CK.biom,ihmp_data,PSM7J1CK
858ed4564f11795ec13dda4c109b1582,fasp://aspera.ihmpdcc.org/ibd/genome/microbiome/wgs/analysis/hmscp/PSM7J1CO.biom,ihmp_data,PSM7J1CO
858ed4564f11795ec13dda4c109b1920,fasp://aspera.ihmpdcc.org/ibd/genome/microbiome/wgs/analysis/hmscp/PSM7J1CS.biom,ihmp_data,PSM7J1CS
858ed4564f11795ec13dda4c109b21f3,fasp://aspera.ihmpdcc.org/ibd/genome/microbiome/wgs/analysis/hmscp/PSM7J13U.biom,ihmp_data,PSM7J13U
858ed4564f11795ec13dda4c109b25ae,fasp://aspera.ihmpdcc.org/ibd/genome/microbiome/wgs/analysis/hmscp/PSM7J13Y.biom,ihmp_data,PSM7J13Y
858ed4564f11795ec13dda4c109b2bc3,fasp://aspera.ihmpdcc.org/ibd/genome/microbiome/wgs/analysis/hmscp/PSM7J143.biom,ihmp_data,PSM7J143
